"Legislator","Party","Degree","Betweenness","Closeness","Eigenvector","PageRank","Total_Bills"
"Riaz Fatyana","PTI",35,0.0265519908881489,0.25134168157424,1,0.0135004335974671,537
"Syed Fakhar Imam","PTI",26,0.00621942725797742,0.237130801687764,0.956692038636619,0.0121797585652029,465
"Amjid Ali Khan","PTI",20,0.0131371283987756,0.221958925750395,0.735458941719244,0.00916731347808262,381
"Kishwer Zehra","MQM",58,0.0140713853798664,0.224261771747805,0.000335113476343423,0.0202816993353225,202
"Mian Najibuddin Awaisi","PML-N",16,0.0433870920843132,0.219702892885066,0.431924977635208,0.00529218664465001,186
"Mohammad Ishaq Dar","IND",2,0,NA,0,0.00294117647059922,144
"Nafeesa Inayatullah Khan Khattak","PTI",64,0.036935157998853,0.252470799640611,0.0115538386364004,0.0106645346108889,134
"Zaheer-ud-Din Babar Awan","PTI",4,0.00973974969890559,0.0843337334933974,9.45495058433398e-08,0.00389425512293322,114
"Iqbal Muhammad Ali Khan","MQM",63,0.0242771023304572,0.220219435736677,0.000310647366970739,0.015526113050447,108
"Syed Javed Hassnain","PML-N",21,0.0170576649990395,0.229575163398693,1.0424158341644e-05,0.00569532225875194,100
"Zahid Hamid Khan","PML-N",2,0,NA,0,0.00294117647059922,90
"Shazia Marri","PPPP",10,0.0132782606177001,0.196916608269096,0.000872432712226061,0.00530508288734995,89
"Dr. Nikhat Shakeel Khan","MQM",49,0.00447249797139713,0.194598337950139,3.09224518198495e-05,0.0112462345560295,86
"Muhammad Muzammil Qureshi","MQM",28,0.00177114840816539,0.202012940330697,2.41757497410753e-05,0.00825885472455419,83
"Mohsin Javed","IND",11,0.00973974969890559,0.210486891385768,0.00763120912074129,0.00503841799936377,82
"Sardar Ayaz Sadiq","PML-N",22,0.0403466987721278,0.229762878168438,4.94663532971891e-05,0.00435978339019675,81
"Shafqat Mehmood","PTI",11,0,0.111507936507937,6.42402399431264e-07,0.0053788509137352,81
"Muhammad Farogh Nasim","MQM",4,0,0.141919191919192,5.6079300331702e-08,0.00289076571012689,79
"Ms. Nafisa Shah","PPPP",34,0.00979660216652089,0.126292134831461,9.97673914040491e-05,0.00698040321187144,75
"Usama Qadri","MQM",30,0.00982584007084497,0.219017926734217,0.000294394353673302,0.00985569404773457,74
"James Iqbal","MMA",23,0.0200423875453672,0.234166666666667,0.000917584343831783,0.00592151061764518,72
"Salah-ud-Din","MQM",19,0.00423152992892563,0.21953125,0.000217241303562905,0.00868451095239158,71
"Uzma Riaz","PTI",42,0.00468413339882362,0.23874256584537,0.00459036260354687,0.00557850434068585,70
"Rana Tanveer Hussain","PML-N",10,0,0.156024430871738,0.000731583887741035,0.00313988966154867,69
"Mrs. Aliya Kamran","MMA",35,0.0306416732224288,0.240788346186804,7.65351449358493e-05,0.00787923555518503,66
"S. A. Iqbal Qadri","MQM",39,0.0130957110588654,0.212556732223903,2.0776298001551e-05,0.00901845712071669,65
"Syed Naveed Qamar","PPPP",15,0.0628926157842625,0.211278195488722,0.00559081234027643,0.00522624996447489,65
"Saman Sultana Jafri","MQM",26,0.00532734697415425,0.2079940784604,2.24445098392191e-05,0.00681691226459875,64
"Sheikh Aftab Ahmed","PML-N",5,0.00488732959801714,0.152221018418202,3.57943492451707e-09,0.00524075752155528,63
"Engineer Sabir Hussain","MQM",21,0.000129165139376167,0.181173436492585,0.000159504614835345,0.00727874456853357,63
"Dr. Abdul Hafeez Sheikh","Minister",3,0,0.0673860911270983,1.259814817282e-13,0.00341503470928039,61
"Shaikh Salahuddin","MQM",48,0.0060096259048542,0.211596385542169,2.30153345051065e-05,0.0103354995297261,60
"Azam Nazeer Tarar","PML-N",4,0.00488732959801714,0.145069695405266,1.09310432088029e-07,0.00307969064937247,59
"Asad Umar","PTI",24,0.0194390914554062,0.232231404958678,0.00221878420367447,0.00747974782055129,54
"Khawaja Muhammad Asif","PML-N",13,0.0111330227594587,0.169379144062688,0.000136996652233737,0.00436342012923631,53
"Syed Rafiullah","PPPP",6,0.00488732959801714,0.0909974093264249,1.34808748002112e-05,0.00326530814175583,52
"Dr. Shireen Mehrunnisa Mazari","PTI",25,0.00668491033196139,0.224261771747805,3.66011763092483e-05,0.00550229264688018,51
"Shaza Fatima Khawaja","PML-N",18,0.0103870845869476,0.188844086021505,6.84815715302356e-05,0.00406971095993993,51
"Qadir Khan Mandokhail","PPPP",11,0.00496150816059704,0.214667685255921,1.95063860926027e-06,0.00345152811993057,49
"Khurram Dastgir Khan","PML-N",13,0.00212941996908556,0.169993950393224,0.000172336325755395,0.00473262267385706,49
"Sajida Begum","PTI",11,0,0.111507936507937,6.00009445966636e-07,0.00356776309734844,49
"Naveed Aamir","PPPP",12,0.0332347595358957,0.21953125,6.19629539152285e-06,0.00213185298733658,48
"Dr. Fouzia Hameed","MQM",32,6.21190798455154e-05,0.147043432757718,1.66118677082629e-05,0.00667839834438297,47
"Ijaz Ahmad Shah","PTI",11,0.0461313051177936,0.2,6.32929917194554e-06,0.00255167344657613,47
"Kesoo Mal Kheeal Das","PML-N",14,0.000252133725594868,0.19609211444522,8.73475551665747e-07,0.00423132285375453,45
"Mrs. Shahida Rehmani","PPPP",14,0.000252511728884472,0.178526048284625,1.88536059601701e-05,0.00330586708428635,43
"Moulana Abdul Akbar Chitrali","MMA",29,0.0114644714656559,0.234166666666667,0.00127231365959166,0.00451305553319979,43
"Dr. Ramesh Kumar Vankwani","PTI",47,0.0674756901084852,0.248233215547703,3.15310179113816e-06,0.00518766345249678,41
"Muhammad Jamal Ud Din","MMA",17,0.00102326776704706,0.21953125,7.22308539746533e-06,0.00665595276170016,40
"Ali Muhammad Khan","PTI",22,0.0205559794565921,0.143954918032787,2.0560369932881e-05,0.00548222022344081,37
"Sajid Ahmed","MQM",29,6.98851549542872e-05,0.164906103286385,1.23753503374373e-05,0.00480093680978939,37
"Naeema Kishwar Khan","JUI",38,0.0087200564242942,0.228084415584416,3.25233055186175e-06,0.00437150406570803,37
"Shaukat Fayaz Ahmed Tarin","PTI",2,0,NA,0,0.00294117647059922,37
"Marriyum Aurangzeb","PML-N",19,0.00139327306055315,0.174968866749689,0.000850830295306572,0.0052701220551148,36
"Syed Amin ul Haque","MQM",21,0.00122681947052267,0.183300717547293,0.000102712263764583,0.00443394443231957,36
"Tahira Aurangzeb","PML-N",42,0.00239270639272546,0.214503816793893,0.000111298573512976,0.00635724910746283,36
"Mohsin Shah Nawaz Ranjha","PML-N",18,0.00143400080720329,0.168971737823211,0.00548165401924207,0.0055839311274247,35
"Noor Alam Khan","PTI",10,1.82859270674111e-06,0.179782469609725,0.0024537806026045,0.00191642148921479,35
"Sher Akbar Khan","JI",45,0.0777670727059283,0.260667903525046,0.000820347357527044,0.00675658856977381,35
"Surriya Asghar","PML-N",5,0.000142174082885673,0.204363636363636,6.09113138122576e-08,0.00176785022805702,35
"Abdul Waseem","MQM",39,0.00212543202382262,0.16716240333135,1.64458897994894e-05,0.00746685033213872,34
"Sanjay Perwani","MQM",39,0.0137154600625315,0.217660728117738,1.37189277048502e-05,0.00600912439579246,34
"Dr. Azra Fazal Pecheho","PPPP",18,0.00521989498994948,0.122014763352149,5.08417012934654e-06,0.00289372549793895,34
"Asiya Azeem","PTI",3,0,0.0755376344086021,6.87454131221558e-06,0.00251054344386084,33
"Pervaiz Khattak","PTI",2,0,NA,0,0.00294117647059922,32
"Raja Pervez Ashraf","PPPP",4,0,0.0178163834643672,0.000271196456021067,0.00345501811660801,32
"Dr. Khalid Maqbool Siddiqui","MQM",33,0.000291884848359687,0.148834745762712,2.05177350969005e-05,0.00505187051505545,31
"Ch. Nisar Ali Khan","PML-N",2,0,NA,0,0.00294117647059922,30
"Rana Sana Ullah Khan","PML-N",19,0.028417615282195,0.192994505494506,0.00051343128223258,0.00477914716606674,29
"Nusrat Wahid","PTI",4,2.67236111948401e-05,0.212717638152914,5.35043246147777e-06,0.00218176940570422,28
"Shaista Pervaiz","PML-N",23,0.000157092737079122,0.161587119033928,9.12347318658718e-05,0.00371264496750746,28
"Aisha Syed","JI",14,0.000327910745053833,0.2,2.06443488671692e-05,0.00443420181563487,28
"Sheikh Rasheed Ahmad","AMLP",2,0,NA,0,0.00294117647059922,28
"Sufyan Yousuf","MQM",26,0.000264360038210646,0.165002935995302,9.13673547201239e-06,0.00289604828710121,27
"Murtaza Javed Abbasi","PML-N",10,0,0.156024430871738,0.00071154503855138,0.00212464227713619,27
"Syed Ali Raza Abidi","MQM",31,0.0150945962907131,0.212556732223903,1.20905150187675e-05,0.00535210669496129,27
"Sahibzada Tariq Ullah","JI",24,0.00317170818232348,0.22679580306699,2.20574679697802e-05,0.00509865687086334,27
"Syed Naveed Qammar","PPPP",4,0,0.0917401240613777,2.53820211280382e-07,0.0016928534832238,26
"Sahib Zada Muhammad Yaqub","JI",14,0.000327910745053833,0.2,2.06443488671635e-05,0.00443420181563261,26
"Khawaja Saad Rafique","PML-N",12,0.00139327306055315,0.168971737823211,0.000130429317168844,0.00372602418907427,25
"Salah Ud Din Ayubi","MMA",24,0.00391307840441492,0.207686622320769,7.80478382876915e-05,0.00651142371081116,24
"Zahra Wadood Fatemi","PML-N",26,0.0105776185230593,0.243923611111111,2.7964382525991e-05,0.00296792148986772,24
"Abdul Qadir Patel","PPPP",8,0.0101204857509036,0.207686622320769,0.000596230200067787,0.00264114849895061,23
"Jam Abdul Karim Bijar","PPPP",4,0,0.0564370355493071,6.40671634250227e-06,0.0024588440069908,23
"Muhammad Baleegh-ur-Rehman","PML-N",2,0,NA,0,0.00294117647059922,23
"Muhammad Hammad Azhar","PTI",4,0.00488732959801714,0.0778393351800554,7.6048550818865e-11,0.00199599568674063,23
"Marvi Memon","PML-N",21,0.0100123633772663,0.226612903225806,2.51670818238233e-07,0.002810893347103,23
"Dr. Zulfiqar Ali Bhatti","PML-N",11,0.00063526226894389,0.198166431593794,1.36917185666269e-06,0.00225252244814798,23
"Jamshaid Ahmad Dasti","IND",10,0.00212352812469865,0.197470133520731,1.60399694820159e-06,0.0012642170300472,22
"Makhdoom Shah Mahmood Qureshi","PTI",23,0.0142792356462246,0.223548130469372,6.13052624402782e-06,0.00462082304361371,22
"Nooreen Farooq Khan","PTI",31,0.00970757333315186,0.233001658374793,0.00165950800220129,0.00282822845928695,22
"Mohammad Ayaz Soomro","PPPP",3,0,1,0,0.00505088111195303,22
"Noor-ul-Haq Qadri","PTI",2,0,NA,0,0.00294117647059922,22
"Mehboob Alam","MQM",28,0,0.128076572470374,1.15665704026495e-05,0.00506307594041745,21
"Syed Waseem Hussain","MQM",28,2.00427993548242e-05,0.146430432516936,1.16922525406674e-05,0.00506808802028288,21
"Asma Hadeed","PTI",42,0.0111221271509245,0.246707638279192,0.000983705116672791,0.00580887193262158,21
"Syed Mohsin Raza Naqvi","IND",2,0,NA,0,0.00294117647059922,21
"Wajiha Akram","PTI",2,0,NA,0,0.00294117647059922,21
"Mehnaz Akber Aziz","PML-N",29,0.0122593249034898,0.249113475177305,0.0030167747643603,0.00217246707969562,21
"Ahsan Iqbal","PML-N",10,0,0.156024430871738,0.000716160659920853,0.00239100598444662,20
"Shahid Khaqan Abbasi","PML-N",12,0.00139327306055315,0.168971737823211,0.000136351006127157,0.00392286661159326,20
"Romina Khurshid Alam","PML-N",34,0.0316657660734115,0.253610108303249,0.000823488825813018,0.00415000026182437,19
"Ali Nawaz Awan","PTI",36,0.0313184749268192,0.255686988171065,0.00505953096872176,0.00350252518081771,19
"Mohammad Salman Khan Baloch","MQM",25,0.00202870835754326,0.168162776780371,9.20344103844534e-06,0.00308727265113909,19
"Muhammad Aslam Khan","PTI",2,0,NA,0,0.00294117647059922,19
"Rana Muhammad Qasim Noon","PTI",28,0.0020515540386868,0.219874804381847,0.000106410415434544,0.00276507977353614,18
"Shahida Akhtar Ali","JUI",43,0.0116664754991706,0.229575163398693,6.99837757985263e-05,0.00544413222824509,18
"Munaza Hassan","PTI",21,0.0129485099945131,0.222134387351779,3.77717830321763e-05,0.00323155668957137,18
"Ali Gohar Khan","PML-N",4,0.000477077990125415,0.136673151750973,5.80518140599635e-08,0.00108004932397605,17
"Mohammad Aslam Bhootani","IND",3,0,1,0,0.00538020086085071,17
"Sher Ali Arbab","PTI",19,0.00569656055172028,0.238337574215437,0.000816715824485738,0.00197797705650405,17
"Faheem Khan","PTI",25,0.00242024108764371,0.239556692242114,4.57586189061747e-05,0.00181516616012132,17
"Dr. Muhammad Farooq Sattar","MQM",32,0.0169482915677116,0.176507537688442,7.58614576249355e-06,0.00496753872143642,16
"Aasiya Nasir","JUI",24,0.0246581788176617,0.239761092150171,2.73744669614924e-06,0.00267540626825616,16
"Faiz Ullah","PTI",2,0,NA,0,0.00294117647059922,16
"Mrs. Mahreen Razaque Bhutto","PPPP",3,0,0.0834323040380048,1.07393243013248e-08,0.00151419951358611,16
"Asiya Naz Tanoli","PML-N",21,0.00220263637828802,0.201433691756272,8.74172775489687e-07,0.00221372291872402,15
"Samina Matloob","PML-N",26,0.0169266879127042,0.244773519163763,2.8834076103301e-05,0.00272171642835421,15
"Rana Muhammad Afzal Khan","PML-N",2,0,NA,0,0.00294117647059922,15
"Sharmila Sahiba Faruqui Hashaam","PPPP",3,0,1,0,0.00505088111195303,15
"Raja Khurram Shahzad Nawaz","PTI",34,0.0279293989162152,0.257090576395242,0.00425473422249918,0.00326095524692196,14
"Imran Khattak","PTI",46,0.0444446709970411,0.244773519163763,0.00190498362809796,0.00475151183666036,14
"Shahadat Awan","PPPP",1,0,0.126747857465043,8.68038118516605e-11,0.00076839360208569,14
"Musadik Masood Malik","IND",2,0,NA,0,0.00294117647059922,13
"Choudhary Faqir Ahmad","PML-N",13,3.49094971286939e-05,0.121016365202412,2.07994457388616e-05,0.00262120261977972,13
"Maj. Retd. Tahir Iqbal","PML-N",6,0,0.132422243166824,6.39454588223413e-12,0.00341677647774601,13
"Syed Asif Hasnain","MQM",30,0.0048588035241626,0.207840236686391,5.92751911866423e-06,0.0030222070194397,12
"Malik Muhammad Aamir Dogar","IND",19,0.000782022372103751,0.19500346981263,8.69764109549042e-05,0.00229714523599055,12
"Junaid Akbar","PTI",17,0.00134841245810627,0.19609211444522,4.38866398646844e-06,0.00279219361630055,11
"Muhammad Sana Ullah Khan Masti Khel","PTI",24,0.00120070127499612,0.22679580306699,0.00168556049233779,0.00257925249192833,11
"Ali Khan Jadoon","PTI",36,0.00496899682209267,0.241408934707904,0.000166773446496039,0.00393869204135136,11
"Dr. Shazia Sobia","PPPP",2,0,NA,0,0.00294117647059922,11
"Jai Parkash","PTI",7,0,0.105440900562852,1.00430468156389e-05,0.00125403512449975,11
"Rana Iradat Sharif Khan","PML-N",19,0.000435012574388002,0.226612903225806,0.00161911579619226,0.00186058196807148,11
"Dr. Arif Alvi","PTI",25,0.00668491033196139,0.224261771747805,3.60527994550284e-05,0.00487666833625377,11
"Muhammad Rehan Hashmi","MQM",22,0.011836220116659,0.188844086021505,6.21163484376776e-06,0.00214543344864494,10
"Muhammad Azam Khan Swati","PTI",9,0.0303088464673243,0.165294117647059,5.91023176584361e-06,0.000664417371520954,10
"Sajid Hussain Turi","PPPP",5,0,0.159568427030097,1.33573704254614e-09,0.00227117557249856,10
"Naveed Amir","PPPP",10,0.0193922256549894,0.159026598754952,1.72984249627482e-10,0.00393127839427889,9
"Mr. Kamran Michael","PML-N",2,0,NA,0,0.00294117647059922,9
"Abdul Rashid Godil","MQM",20,0,0.131247080803363,5.39195071534627e-06,0.00212890435191058,9
"Muhammad Kamal Malik","MQM",24,1.60001861839847e-05,0.151891891891892,6.29374493113355e-06,0.00317339991001818,9
"Qaisar Ahmad Sheikh","PML-N",25,0.0547556004637279,0.240788346186804,1.99790661156563e-06,0.00198570552063637,9
"Aamer Mehmood Kiyani","PTI",6,6.2304413035347e-05,0.229013854930725,0.000811818320644793,0.00110070490447594,9
"Shandana Gulzar Khan","PTI",13,0.000172067766928938,0.218677042801556,0.000129621683867949,0.00129174545328737,9
"Rai Muhammad Murtaza Iqbal","PTI",28,0.0148008599152243,0.240994854202401,0.00159256256818404,0.00212673605573783,9
"Muhammad Mian Soomro","PTI",2,0,NA,0,0.00294117647059922,9
"Ameer Zaman","JUI",17,0.000464843879990216,0.226065969428801,1.83764661043889e-06,0.00196877908082116,9
"Zubaida Jalal","BAP",2,0,NA,0,0.00294117647059922,9
"Mumtaz Ahmad Tarar","PML-N",2,0,NA,0,0.00294117647059922,9
"Sohail Sultan","SIC",2,0,NA,0,0.00294117647059922,9
"Aftab Jehangir","PTI",19,0,0.122014763352149,8.47765715276861e-05,0.00300501792982096,8
"Muhammad Talha Mehmood","JUI-F",2,0,NA,0,0.00294117647059922,8
"Fauzia Behram","PTI",21,0.000714410426473242,0.220046985121378,3.77125498805294e-05,0.00320603681130571,8
"Abdul Shakoor","MMA",16,0.000953149581698774,0.212878787878788,5.98663941635935e-06,0.001792334915253,8
"Siraj Muhammad Khan","PTI",5,7.60289295472513e-05,0.209701492537313,1.09629933809492e-05,0.00103373344871302,8
"Abdul Qadir Baloch","PML-N",2,0,NA,0,0.00294117647059922,8
"Dr. Seemin Abdul Rehman Bokhari","PTI",27,0.000985062867895383,0.242241379310345,4.48533743484912e-05,0.003494358967626,8
"Seema Mohiuddin Jameeli","PML-N",54,0.0949574820727555,0.265846736045412,2.93657897298776e-05,0.00426688181813786,7
"Syed Hussain Tariq","PPPP",2,0,NA,0,0.00294117647059922,7
"Saira Afzal Tarar","PML-N",2,0,NA,0,0.00294117647059922,7
"Kiran Imran","PML-N",11,0,0.137745098039216,1.86350035679887e-05,0.00278472104330063,7
"Parveen Masood Bhatti","PML-N",26,0.0265571073189233,0.215325670498084,2.66347641959808e-06,0.00274640365373088,7
"Anusha Rahman Ahmad Khan","PML-N",2,0,NA,0,0.00294117647059922,7
"Kanwar Naveed Jamil","MQM",19,0.00108196191341627,0.171865443425076,2.41231257643909e-06,0.00119108205274471,7
"Ramesh Lal","PPPP",21,0.0524180432334116,0.227899432278994,7.22851045937821e-08,0.00467540234109477,7
"Dr. Muhammad Afzal Khan Dhandla","PTI",20,0.00197192538386793,0.228827361563518,0.00158358927834657,0.00201336847695029,7
"Rao Muhammad Ajmal Khan","PML-N",11,0,0.137745098039216,1.8635003567983e-05,0.00278472104330016,7
"Zartaj Gull","PTI",2,0,NA,0,0.00294117647059922,6
"Haider Ali","PTI",29,0.00750915058576979,0.22570281124498,0.00397486319024667,0.00237296117034194,6
"Nawab Muhammad Yousuf Talpur","PPPP",14,0,0.119371282922685,6.63098292956595e-07,0.00187379206283502,6
"Asad Mehmood","MMA",2,0,NA,0,0.00294117647059922,6
"Muhammad Pervaiz Malik","PML-N",3,0,0.16011396011396,1.46687738437127e-07,0.000686076798561042,6
"Fawad Ahmed","PTI",2,0,NA,0,0.00294117647059922,6
"Ghulam Sarwar Khan","PTI",7,0.000753284481310096,0.215656178050652,1.0826975700163e-05,0.00111912618519571,6
"Sahibzada Sibghatullah","SIC",6,0.00974847707318776,0.137610186092067,1.37694417508421e-13,0.00328038841591957,6
"Farrukh Khan","PML",8,0,0.176952141057934,0.000121677299681591,0.00150871799073936,6
"Agha Hassan Baloch","BNP-M",4,0,0.102892713291834,3.05421607474319e-05,0.00140429389977185,6
"Bilal Azhar Kayani","PML-N",9,0.0242271910073135,0.179209183673469,4.45393515069826e-06,0.00393413931326072,6
"Shahida Rehmani","PPPP",2,0,NA,0,0.00294117647059922,6
"Umar Ayub Khan","PTI",14,0,0.119371282922685,6.63098292962235e-07,0.00187379206283474,6
"Ch. Mahmood Bashir Virk","PML-N",2,0,NA,0,0.00294117647059922,6
"Muhammad Raza Hayat Hiraj","PML-N",14,0,0.119371282922685,6.64150594850696e-07,0.00192528907155015,6
"Mohammad Khan Sherani","JUI",15,0.00125308337619342,0.234166666666667,1.46381421175209e-06,0.00117071322961429,5
"Khalid Hussain Magsi","BAP",27,0.00279715382635251,0.20421511627907,8.68405707344006e-05,0.00275346566916282,5
"Ghous Bux Khan Mahar","GDA",14,0,0.119371282922685,6.63098292956595e-07,0.00187379206283416,5
"Agha Muhammad","JUI",20,0.00116725102114991,0.217660728117738,2.30948629362514e-06,0.00194327795023238,5
"Ghulam Bibi Bharwana","PTI",2,0,NA,0,0.00294117647059922,5
"Syed Khursheed Ahmed Shah","PPPP",2,0,NA,0,0.00294117647059922,5
"Sadaqat Ali Khan","PTI",11,0.000504443722341106,0.21850699844479,0.00455508688526641,0.00118741159095245,5
"Syed Mehmood Shah","MMA",14,0.000953149581698774,0.212878787878788,5.97715398928651e-06,0.00168927321308831,5
"Ch. Muhammad Ashraf","PML-N",17,1.86655850016128e-05,0.226430298146656,0.00157968361338107,0.001581604744265,5
"Bhawan Das","PML-N",23,0.00229494470674551,0.205409356725146,8.37398166774724e-07,0.00200392263119075,5
"Amirullah","PTI",16,0.000230478328102554,0.195138888888889,2.32747020819542e-05,0.00271592665804186,5
"Rai Hasan Nawaz Khan","PTI",16,0.000230478328102554,0.195138888888889,2.32747020819542e-05,0.00271592665804166,5
"Atta Ullah","PTI",25,0.00242024108764371,0.239556692242114,4.5613270562734e-05,0.00163883573313787,5
"Aaisha Gulalai","PTI",15,0.00137166306577034,0.200714285714286,2.15209327396502e-06,0.00233113758348047,5
"Sardar Muhammad Irfan Dogar","PML-N",20,0.0372863205903832,0.233001658374793,0.00159438748261405,0.00184597202170979,5
"Farhana Qamar","PML-N",25,0.00448318466042987,0.223370429252782,7.55555884057222e-07,0.00239616201046515,5
"Isphanyar M. Bhandara","PML-N",23,0.0772684459679282,0.249334516415262,9.37267110788019e-08,0.00161146712723558,5
"Saleh Muhammad","PTI",18,0,0.123788546255507,8.78648002542343e-05,0.00220016056790982,5
"Shahnaz Saleem Malik","PML-N",14,0.000144143091442842,0.126919602529359,2.3705360030235e-06,0.00202180384993514,5
"Muhammad Safdar","PML-N",28,0.00292213935234995,0.215160796324655,8.2772574653077e-07,0.00292483998049371,4
"Shahab-ud-Din Khan","PML-N",19,0.0102515280650355,0.22679580306699,1.04095238985176e-07,0.00218242918028316,4
"Mussarat Ahmadzeb","PTI",5,0.000679054095378819,0.214667685255921,7.04326931487191e-07,0.000627944277177113,4
"Zeb Jaffar","PML-N",4,0,0.132173095014111,2.12579007205702e-08,0.00280599223012885,4
"Asia Naz Tanoli","PML-N",2,0,NA,0,0.00294117647059922,4
"Kiran Haider","PML-N",28,0.00292213935234995,0.215160796324655,8.27725746542051e-07,0.00292483998049324,4
"Mehboob Shah","PTI",7,9.64351063158027e-05,0.22444089456869,3.61907123331563e-06,0.000867389569262966,4
"Imran Khan","PTI",16,0.00451114846748637,0.216820987654321,0.000620003329297189,0.00220664609039503,4
"Begum Tahira Bukhari","PML-N",28,0.00292213935234995,0.215160796324655,8.2772574653359e-07,0.00292483998049302,4
"Makhdoom Khusro Bakhtiar","PTI",18,0.00275496039147667,0.22588424437299,1.03102880139093e-07,0.0017757388779541,4
"Syed Iftikhar Ul Hassan","PML-N",5,0,0.174534161490683,2.722011393066e-05,0.00105899881800206,4
"Rana Mubashir lqbal","PML-N",5,0,0.174534161490683,2.72201139306586e-05,0.00105899881800193,4
"Zahid Akram Durani","MMA",14,0.000953149581698774,0.212878787878788,5.9771539892851e-06,0.00168927321308819,4
"Shunila Ruth","PTI",21,0.000648342261282138,0.242869490060501,2.6527593031688e-05,0.0016658445563765,4
"Noor Ul Hassan Tanvir","PML-N",2,0,NA,0,0.00294117647059922,4
"Muhammad Gohar Shah","JUI",20,0.00104980014638113,0.21749226006192,2.42757946211525e-06,0.00200694041667649,4
"Murad Saeed","PTI",7,0.000381363450214736,0.208302446256486,1.58005911292649e-06,0.000731860921141748,4
"Zille Huma","PTI",28,0.00471392077624847,0.238337574215437,5.4148535854654e-05,0.00213379756481195,4
"Qaisar Jamal","PTI",15,0.000698325963081928,0.186092715231788,2.1399577414741e-05,0.0023759456966164,4
"Mujahid Ali","PTI",23,0.00696756524011532,0.22753036437247,1.47897223007702e-05,0.00223729779986135,4
"Imran Zafar Leghari","PPPP",21,0.0120351187750744,0.210172026925954,2.23888023112243e-06,0.00222097332827066,4
"Khawaja Sohail Mansoor","MQM",22,0.0277468395931599,0.204810495626822,1.27208518676798e-06,0.00110401429456411,4
"Sardar Akhter Jan Mengal","BNP-M",4,0,0.102892713291834,3.04938070567183e-05,0.00123931790910747,4
"Nafisa Shah","PPPP",2,0,NA,0,0.00294117647059922,4
"Dr. Darshan","PML-N",15,0.0050633103783384,0.224261771747805,7.22841916919741e-08,0.00235329898032914,4
"Shah Jee Gul Afridi","IND",19,0.00227197744490614,0.201289398280802,7.26268146273387e-07,0.0022452435151751,4
"Muhammad Akram","PTI",9,0,0.074476543864299,0.00011579675217875,0.00175128535554943,4
"Phyllis Azeem","PML-N",30,0.00567953238053207,0.228827361563518,2.83913957153079e-06,0.00274738848782159,4
"Kesoo Mal Kheal Das","PML-N",5,0,0.157776530039304,1.15444872298649e-10,0.00199985921584302,4
"Shehryar Afridi","PTI",11,0,0.111507936507937,5.7624258176512e-07,0.00199037140055787,4
"Syed Sajid Mehdi","PML-N",18,0.00032730962610478,0.226430298146656,0.00158103721287946,0.0017929186856482,4
"Raja Riaz Ahmad","PTI",9,0,0.074476543864299,0.000115796752178756,0.00175128535554892,4
"Ghulam Muhammad Lali","PTI",1,0,0.5,0,0.00294117647058649,4
"Malik Nawab Sher Waseer","PTI",21,0.0222681563466267,0.240994854202401,0.00157275331686768,0.00143312634510951,4
"Danyal Chaudhry","PML-N",2,0,NA,0,0.00294117647059922,4
"Syed Shibli Faraz","PTI",2,0,NA,0,0.00294117647059922,3
"Usama Ahmed Mela","SIC",2,0,0.121016365202412,1.08756679855467e-16,0.00209053422195011,3
"Khalida Mansoor","PML-N",2,0,NA,0,0.00294117647059922,3
"Shakila Khalid Chaudhary","PML-N",6,0.00975447654495264,0.213850837138508,1.09801730894131e-06,0.000667881226206205,3
"Muhammad Ibrahim Khan","PTI",42,0.0542998874466452,0.263602251407129,0.00160363950600988,0.00249232488882375,3
"Afreen Khan","MMA",21,0.00775396131956829,0.227346278317152,0.000702126956071097,0.00187337804274558,3
"Lal Chand Malhi","PTI",10,0.0028219703707665,0.209077380952381,6.37449704427e-08,0.00089196474246583,3
"Muhammad Mobeen Arif","SIC",2,0,0.121016365202412,1.09109213663751e-16,0.00209053422195002,3
"Usman Khan Tarrakai","PTI",17,0.00402000405225525,0.229200652528548,1.11881019017476e-05,0.00176298451209721,3
"Ahmad Hussain","PTI",1,0,0.176840780365009,1.54900922092116e-09,0.000503597723822641,3
"Jamshed Thomas","PTI",7,9.64351063158027e-05,0.22444089456869,3.61907123331563e-06,0.00086738956926284,3
"Nighat Parveen","PML-N",6,0.0207638405127413,0.15230352303523,7.99507542056443e-09,0.00188315809631632,3
"Qari Muhammad Yousaf","JUI",20,0.00104980014638113,0.21749226006192,2.30395292071693e-06,0.0018627003873842,3
"Mehmood Khan Achakzai","PKMAP",14,0,0.119371282922685,6.63098292962235e-07,0.00187379206283356,3
"Syed Qazim Ali Shah","PML-F",14,0,0.119371282922685,6.63098292956595e-07,0.00187379206283324,3
"Syed Imran Ahmad Shah","PML-N",7,0.000210450995531764,0.19581881533101,7.86268011977558e-07,0.00134369703360902,3
"Leila Khan","PML-N",13,0.00258280355281704,0.230327868852459,3.04792882900931e-08,0.00124207673660536,3
"Muhammad Ali Rashid","MQM",16,0,0.111685214626391,7.75030497158511e-07,0.00147635902159705,3
"Munawara Bibi Baloch","PTI",2,0,NA,0,0.00294117647059922,3
"Tariq Fazal Chaudhry","PML-N",4,0,0.152056277056277,3.55674718048867e-09,0.00252726896416977,3
"Abdul Shakoor Shad","PTI",3,0,0.0773678414096916,9.81182197620935e-08,0.000812024815874846,3
"Aslam Bodla","PML-N",13,0,0.122653862941947,2.36630323631494e-06,0.00157350530952486,3
"Mian Abdul Manan","PML-N",2,0,NA,0,0.00294117647059922,3
"Prince Muhammad Nawaz Allai","PTI",18,0,0.124336283185841,7.26508608484168e-05,0.00198039601549833,3
"Dr. Hafeez Ur Rehman Khan","PML-N",13,0,0.122653862941947,2.36630323631776e-06,0.00157350530952456,3
"Nuzhat Pathan","PTI",4,0,0.0766293973275157,3.41616990823599e-05,0.00107024305257445,3
"Aqibullah","PTI",11,0,0.116356107660455,1.9506111418207e-05,0.00205384395075305,3
"Maulvi Asmatullah","MMA",14,0.000953149581698774,0.212878787878788,5.97715398928369e-06,0.00168927321308799,3
"Usman Ibrahim","PML-N",1,0,0.132173095014111,2.84244219880567e-12,0.000703214346667629,2
"Makhdoom Syed Sami-ul-Hassan Gillani","PTI",17,0.0097584152839072,0.22679580306699,0.00157216497330255,0.0019605753053964,2
"Mian Riaz Hussain Pirzada","PML-N",2,0,NA,0,0.00294117647059922,2
"Tariq Christopher Qaiser","PML-N",5,0.000143124903552311,0.214503816793893,6.60569971391935e-07,0.000759203562030702,2
"Hamid Ul Haq","PTI",10,0.000463911765079402,0.194598337950139,3.80848500613927e-06,0.00106849374103256,2
"Ibadullah","PML-N",9,0.000536459743572143,0.203181489515546,7.294117071254e-08,0.000930361082488053,2
"Gul Zafar Khan","PTI",10,0.000150352479837799,0.225521669341894,7.6486933461087e-06,0.00107600293188606,2
"Gul Dad Khan","PTI",10,0.000150352479837799,0.225521669341894,7.64869334610941e-06,0.00107600293188599,2
"Raja Osama Sarwar","PML-N",2,0.00488732959801714,0.152221018418202,3.55376709446095e-09,0.000945045306184878,2
"Ch. Muhammad Hamid Hameed","PML-N",4,0,0.132422243166824,6.36410317775362e-12,0.00162032698944652,2
"Nelson Azeem","PML-N",3,0,0.157776530039304,1.15261813478157e-10,0.00155833185650096,2
"Ch. Asad Ur Rehman","PML-N",16,8.74748343950566e-07,0.2005710206995,7.26098871000229e-07,0.00168492264877657,2
"Malik Abdul Ghaffar Dogar","PML-N",16,8.74748343950566e-07,0.2005710206995,7.26098871000229e-07,0.00168492264877645,2
"Bilal Rehman","IND",16,8.74748343950566e-07,0.2005710206995,7.26098870997408e-07,0.00168492264877633,2
"Abdul Kareem","PML-N",16,8.74748343950566e-07,0.2005710206995,7.26098871000229e-07,0.00168492264877621,2
"Syeda Nosheen Iftikhar","PML-N",1,0,1,0,0.000831471829239984,2
"Reeta Ishwar","PML-F",17,0.00198789783632002,0.227714748784441,2.11754269257327e-06,0.00146891035346221,2
"Syed Amin-ul-Haque","MQM",7,0.0193575614504095,0.185234014502307,4.45279950299494e-06,0.00171921355332039,2
"Qamar Ud Din","JUI",14,0.00247564728266997,0.2248,8.48283146574181e-07,0.00118885592328,2
"Ms Shagufta Jumani","PPPP",3,0,0.5,0,0.00294117647058688,2
"Syed Ghulam Mustafa Shah","PPPP",3,0,0.5,0,0.00294117647058585,2
"Mir Ghulam Ali Talpur","PPPP",3,0,0.5,0,0.00294117647058473,2
"Khurshed Ahmed Junejo","PPPP",3,0,0.5,0,0.00294117647058353,2
"Mahreen Razzaq Bhutto","PPPP",2,0,NA,0,0.00294117647059922,2
"Shahzada Muhammad Gushtasap Khan","SIC",2,0,0.5,0,0.00294117647058375,2
"Asad Qaiser","SIC",2,0,0.5,0,0.002941176470582,2
"Muhammad Sajjad","PML-N",10,0,0.156024430871738,0.000700262148009285,0.00136456402142641,2
"Changaze Ahmed Khan","SIC",2,0,NA,0,0.00294117647059922,2
"Sana Ullah Khan Mastikhel","SIC",2,0,0.5,0,0.00294117647058004,2
"Munir Khan Orakzai","MMA",12,0.00413567389570835,0.225340817963111,8.47856941749616e-06,0.000953794961014492,2
"Mahesh Kumar Malani","PPPP",6,0,0.158220720720721,8.9984477224723e-09,0.0018506421785548,2
"Sajid Khan","PTI",11,0.00852854176905396,0.231085526315789,3.62070109667463e-06,0.00159499730411563,2
"Bismillah Khan","IND",3,0,0.159568427030097,1.32091060079313e-09,0.000867176127681117,2
"Ehsanullah Reki","BAP",1,0,1,0,0.000502152080345919,2
"Ihsan ul Haq Bajwa","PML-N",4,0,0.16716240333135,4.92237814638526e-08,0.00101957468874215,2
"Tahira Asif","MQM",9,0.021270770129129,0.196641007697691,6.16677730567813e-07,0.000585304481610381,2
"Syed Ali Musa Gilani","PPPP",1,0,0.5,0,0.00294117647058424,2
"Syed Ayaz Ali Shah Sheerazi","PML-N",16,0,0.12567084078712,6.20909808531077e-07,0.00128907195492608,2
"Salman Hanif","PML-N",13,0.00274515998240627,0.230895645028759,3.00799000192429e-08,0.00112512121273189,1
"Iffat Liaqat","PML-N",13,0.00274515998240627,0.230895645028759,3.00799000199479e-08,0.00112512121273182,1
"Malik Shakir Bashir Awan","PML-N",4,0,0.132422243166824,6.36410353028742e-12,0.00162032698944646,1
"Abdul Majeed Khan Khanan Khel","PML-N",4,0,0.132422243166824,6.36410353028742e-12,0.0016203269894464,1
"Shahid Ahmad","PTI",11,0.000439198909228652,0.220392156862745,1.91982953922987e-05,0.000830852476600811,1
"Farooq Hamid Naek","PPPP",1,0,1,0,0.000831471829239984,1
"Engineer Mohammad Usman Badaini","IND",10,0.00100410153917617,0.215490797546012,7.16327733197189e-07,0.000851923936983433,1
"Muhammad Abubakar","MQMP",6,7.41785625799033e-05,0.214503816793893,1.83826452514092e-06,0.000638364732009856,1
"Kamal Uddin","MMA",11,0.00203688919927787,0.2248,2.42340689928036e-06,0.000918645798577372,1
"Naz Baloch","PPPP",7,4.75934981101348e-05,0.231275720164609,0.000801944733811523,0.000707546903983293,1
"Muhammad Javed Hanif Khan","MQM",4,0,0.163752913752914,9.57537794808767e-09,0.00115867973844477,1
"Syed Mustafa Kamal","MQM",4,0,0.163752913752914,9.57537794879274e-09,0.00115867973844472,1
"Syed Hafeezuddin","MQM",4,0,0.163752913752914,9.57537794844021e-09,0.00115867973844466,1
"Sardar Riaz Mehmood Khan Mazari","PTI",3,5.90037473155528e-05,0.211755840241145,1.65714372215361e-05,0.000531294051053804,1
"Dr. Muhammad Azhar Khan Jadoon","PTI",3,7.60289295472513e-05,0.209701492537313,1.09455956906078e-05,0.000668570464232552,1
"Zahoor Hussain Qureshi","PTI",2,0,0.185111989459816,1.2494541249625e-06,0.000937748236277637,1
"Sardar Nasrullah Khan Drishak","PTI",2,0,0.185111989459816,1.24945412496233e-06,0.000937748236277599,1
"Abdul Rehman Khan Kanju","PML-N",8,0.000260754549386272,0.187708750835003,0.000350408893747518,0.00089024398338178,1
"Khalil George","PML-N",5,0.000143124903552311,0.214503816793893,6.60569971392992e-07,0.000759203562030649,1
"Makhdoom Syed Ali Hassan Gillani","PML-N",9,0.000536459743572143,0.203181489515546,7.2941170711835e-08,0.000930361082487993,1
"Dr. Nisar Ahmad","PML-N",2,0,0.186463171864632,6.14201302478568e-09,0.000539456068405315,1
"Sardar Kamal Khan Bangulzai","NP",15,0.00173635082674777,0.234753550543024,1.45865293527634e-06,0.0010851823689467,1
"Dawar Khan Kundi","PTI",7,0.000381363450214736,0.208302446256486,1.58005911292507e-06,0.000731860921141714,1
"Khwaja Ghulam Rasool Koreja","PPPP",3,8.96009873319998e-05,0.112310151878497,8.33291787385512e-08,0.000682949155987248,1
"Asghar Ali Shah","PPPP",3,8.96009873319998e-05,0.112310151878497,8.33291787383749e-08,0.000682949155987204,1
"Syed Abrar Ali Shah","PPPP",3,0,0.178639542275906,4.44675730363229e-06,0.000914036986415468,1
"Mirza Ikhtiar Baig","PPPP",4,0.00791281934917059,0.187208527648235,5.76307611426158e-11,0.001369163690195,1
"Shazia Sobia Aslam Soomro","PPPP",4,0.00791281934917059,0.187208527648235,5.76307611426158e-11,0.00136916369019495,1
"Syed Ali Qasim Gillani","PPPP",4,0.00791281934917059,0.187208527648235,5.76307614951496e-11,0.00136916369019489,1
"Zulfiqar Ali Khan","PTI",10,0.000152097954694234,0.22570281124498,7.64262431032159e-06,0.000991707771323482,1
"Ch. Iftikhar Nazir","PML-N",15,1.86655850016128e-05,0.226430298146656,0.00157216299048498,0.00119386568122731,1
"Haji Imtiaz Ahmed Choudhary","PTI",15,1.86655850016128e-05,0.226430298146656,0.00157216299048498,0.00119386568122727,1
"Malik Karamat Ali","PTI",15,1.86655850016128e-05,0.226430298146656,0.00157216299048498,0.00119386568122722,1
"Nawabzada Iftikhar Ahmed Khan Babar","PPPP",2,0,0.13747553816047,1.37476551614901e-13,0.00114458292249768,1
"Rahat Aman Ullah Bhatti","PTI",18,0.000648342261282138,0.242869490060501,2.63787822471553e-05,0.0011315243939188,1
"Shaheen Naz Saifullah","PTI",18,0.000648342261282138,0.242869490060501,2.63787822471567e-05,0.00113152439391875,1
"Zulfiqar Ahmad","PML-N",4,5.81824952144898e-06,0.195546276965901,7.38252938471662e-07,0.000687979227827485,1
